insight_type,target_key,aic_nb2,aic_pois,change_points,prophet_available,mean_consensus,max_consensus,plot_path,flags_path
behavior,ACC-35601,111.08933737993644,109.24559620426948,[52],True,0.34615384615384615,3,y:\Study\repos\adm\anomalyDetection\adm_odm\out_odm\diagnostics_behavior_ACC-35601_multi.png,y:\Study\repos\adm\anomalyDetection\adm_odm\out_odm\flags_behavior_ACC-35601_multi.csv
behavior,ACC-40624,135.85865871682674,134.41743207907325,[49],True,0.3673469387755102,4,y:\Study\repos\adm\anomalyDetection\adm_odm\out_odm\diagnostics_behavior_ACC-40624_multi.png,y:\Study\repos\adm\anomalyDetection\adm_odm\out_odm\flags_behavior_ACC-40624_multi.csv
behavior,ACC-48555,220.07187692003532,227.8035552673725,[52],True,0.2692307692307692,4,y:\Study\repos\adm\anomalyDetection\adm_odm\out_odm\diagnostics_behavior_ACC-48555_multi.png,y:\Study\repos\adm\anomalyDetection\adm_odm\out_odm\flags_behavior_ACC-48555_multi.csv
behavior,ACC-75506,206.33714063455773,204.3371317577457,[52],True,0.3076923076923077,4,y:\Study\repos\adm\anomalyDetection\adm_odm\out_odm\diagnostics_behavior_ACC-75506_multi.png,y:\Study\repos\adm\anomalyDetection\adm_odm\out_odm\flags_behavior_ACC-75506_multi.csv
behavior,ACC-78042,160.77692623090405,161.27482208278445,[51],True,0.35294117647058826,4,y:\Study\repos\adm\anomalyDetection\adm_odm\out_odm\diagnostics_behavior_ACC-78042_multi.png,y:\Study\repos\adm\anomalyDetection\adm_odm\out_odm\flags_behavior_ACC-78042_multi.csv
behavior,ACC-93924,163.12026473098294,162.18337702410983,[50],True,0.42,4,y:\Study\repos\adm\anomalyDetection\adm_odm\out_odm\diagnostics_behavior_ACC-93924_multi.png,y:\Study\repos\adm\anomalyDetection\adm_odm\out_odm\flags_behavior_ACC-93924_multi.csv
behavior,ADV-10071,153.58591844421372,151.58588409531148,[51],True,0.3333333333333333,4,y:\Study\repos\adm\anomalyDetection\adm_odm\out_odm\diagnostics_behavior_ADV-10071_multi.png,y:\Study\repos\adm\anomalyDetection\adm_odm\out_odm\flags_behavior_ADV-10071_multi.csv
behavior,ADV-16858,172.53277333513324,170.53251164563915,[52],True,0.3269230769230769,4,y:\Study\repos\adm\anomalyDetection\adm_odm\out_odm\diagnostics_behavior_ADV-16858_multi.png,y:\Study\repos\adm\anomalyDetection\adm_odm\out_odm\flags_behavior_ADV-16858_multi.csv
behavior,ADV-37488,176.4767599694914,174.4767570100272,[52],True,0.40384615384615385,4,y:\Study\repos\adm\anomalyDetection\adm_odm\out_odm\diagnostics_behavior_ADV-37488_multi.png,y:\Study\repos\adm\anomalyDetection\adm_odm\out_odm\flags_behavior_ADV-37488_multi.csv
behavior,ADV-37984,191.49014029974268,189.49011775133408,[52],True,0.4230769230769231,4,y:\Study\repos\adm\anomalyDetection\adm_odm\out_odm\diagnostics_behavior_ADV-37984_multi.png,y:\Study\repos\adm\anomalyDetection\adm_odm\out_odm\flags_behavior_ADV-37984_multi.csv
behavior,ADV-71602,84.19065945013261,82.19123907670918,[41],True,0.3170731707317073,2,y:\Study\repos\adm\anomalyDetection\adm_odm\out_odm\diagnostics_behavior_ADV-71602_multi.png,y:\Study\repos\adm\anomalyDetection\adm_odm\out_odm\flags_behavior_ADV-71602_multi.csv
behavior,ADV-99770,216.46949321581914,214.4694913408861,[52],True,0.3076923076923077,2,y:\Study\repos\adm\anomalyDetection\adm_odm\out_odm\diagnostics_behavior_ADV-99770_multi.png,y:\Study\repos\adm\anomalyDetection\adm_odm\out_odm\flags_behavior_ADV-99770_multi.csv
behavior,CL-21884,134.30056638808523,132.3005676571005,[51],True,0.2549019607843137,3,y:\Study\repos\adm\anomalyDetection\adm_odm\out_odm\diagnostics_behavior_CL-21884_multi.png,y:\Study\repos\adm\anomalyDetection\adm_odm\out_odm\flags_behavior_CL-21884_multi.csv
behavior,CL-22336,203.3312429078652,201.50071706760127,[52],True,0.28846153846153844,2,y:\Study\repos\adm\anomalyDetection\adm_odm\out_odm\diagnostics_behavior_CL-22336_multi.png,y:\Study\repos\adm\anomalyDetection\adm_odm\out_odm\flags_behavior_CL-22336_multi.csv
behavior,CL-28585,115.17498467026819,113.1749832933382,[52],True,0.25,4,y:\Study\repos\adm\anomalyDetection\adm_odm\out_odm\diagnostics_behavior_CL-28585_multi.png,y:\Study\repos\adm\anomalyDetection\adm_odm\out_odm\flags_behavior_CL-28585_multi.csv
behavior,CL-34402,187.1463131022248,185.1462696653138,[52],True,0.3076923076923077,2,y:\Study\repos\adm\anomalyDetection\adm_odm\out_odm\diagnostics_behavior_CL-34402_multi.png,y:\Study\repos\adm\anomalyDetection\adm_odm\out_odm\flags_behavior_CL-34402_multi.csv
behavior,CL-49767,192.5982358199426,190.59823362795635,[52],True,0.25,3,y:\Study\repos\adm\anomalyDetection\adm_odm\out_odm\diagnostics_behavior_CL-49767_multi.png,y:\Study\repos\adm\anomalyDetection\adm_odm\out_odm\flags_behavior_CL-49767_multi.csv
behavior,CL-68535,124.51369588612786,122.51370461446763,[51],True,0.21568627450980393,4,y:\Study\repos\adm\anomalyDetection\adm_odm\out_odm\diagnostics_behavior_CL-68535_multi.png,y:\Study\repos\adm\anomalyDetection\adm_odm\out_odm\flags_behavior_CL-68535_multi.csv
behavior,PRD-34692,149.86662665175731,147.86659435969221,[51],True,0.27450980392156865,3,y:\Study\repos\adm\anomalyDetection\adm_odm\out_odm\diagnostics_behavior_PRD-34692_multi.png,y:\Study\repos\adm\anomalyDetection\adm_odm\out_odm\flags_behavior_PRD-34692_multi.csv
behavior,PRD-34993,96.72419592240446,94.72419327544937,[52],True,0.3269230769230769,4,y:\Study\repos\adm\anomalyDetection\adm_odm\out_odm\diagnostics_behavior_PRD-34993_multi.png,y:\Study\repos\adm\anomalyDetection\adm_odm\out_odm\flags_behavior_PRD-34993_multi.csv
behavior,PRD-68644,121.15441879082664,119.15442439574034,[50],True,0.3,4,y:\Study\repos\adm\anomalyDetection\adm_odm\out_odm\diagnostics_behavior_PRD-68644_multi.png,y:\Study\repos\adm\anomalyDetection\adm_odm\out_odm\flags_behavior_PRD-68644_multi.csv
behavior,PRD-76698,157.5281682770702,155.76944957825467,[51],True,0.3137254901960784,4,y:\Study\repos\adm\anomalyDetection\adm_odm\out_odm\diagnostics_behavior_PRD-76698_multi.png,y:\Study\repos\adm\anomalyDetection\adm_odm\out_odm\flags_behavior_PRD-76698_multi.csv
behavior,PRD-83307,143.2273778027005,141.22736626465746,[51],True,0.3137254901960784,2,y:\Study\repos\adm\anomalyDetection\adm_odm\out_odm\diagnostics_behavior_PRD-83307_multi.png,y:\Study\repos\adm\anomalyDetection\adm_odm\out_odm\flags_behavior_PRD-83307_multi.csv
behavior,PRD-99401,185.98067867912533,183.98068118965952,[52],True,0.3269230769230769,4,y:\Study\repos\adm\anomalyDetection\adm_odm\out_odm\diagnostics_behavior_PRD-99401_multi.png,y:\Study\repos\adm\anomalyDetection\adm_odm\out_odm\flags_behavior_PRD-99401_multi.csv
behavior,SEG-11255,174.0434965778226,175.18417342955814,[52],True,0.36538461538461536,3,y:\Study\repos\adm\anomalyDetection\adm_odm\out_odm\diagnostics_behavior_SEG-11255_multi.png,y:\Study\repos\adm\anomalyDetection\adm_odm\out_odm\flags_behavior_SEG-11255_multi.csv
behavior,SEG-43852,187.25107576756744,185.25107486675466,[52],True,0.36538461538461536,3,y:\Study\repos\adm\anomalyDetection\adm_odm\out_odm\diagnostics_behavior_SEG-43852_multi.png,y:\Study\repos\adm\anomalyDetection\adm_odm\out_odm\flags_behavior_SEG-43852_multi.csv
behavior,SEG-48839,195.20756451466306,193.2075549179571,[52],True,0.36538461538461536,2,y:\Study\repos\adm\anomalyDetection\adm_odm\out_odm\diagnostics_behavior_SEG-48839_multi.png,y:\Study\repos\adm\anomalyDetection\adm_odm\out_odm\flags_behavior_SEG-48839_multi.csv
behavior,SEG-53116,182.60890386842786,182.0411157424991,[52],True,0.38461538461538464,4,y:\Study\repos\adm\anomalyDetection\adm_odm\out_odm\diagnostics_behavior_SEG-53116_multi.png,y:\Study\repos\adm\anomalyDetection\adm_odm\out_odm\flags_behavior_SEG-53116_multi.csv
behavior,SEG-60616,150.1025970716917,149.00437125079378,[51],True,0.37254901960784315,4,y:\Study\repos\adm\anomalyDetection\adm_odm\out_odm\diagnostics_behavior_SEG-60616_multi.png,y:\Study\repos\adm\anomalyDetection\adm_odm\out_odm\flags_behavior_SEG-60616_multi.csv
behavior,SEG-89997,200.4325866401985,198.43258087471082,[52],True,0.38461538461538464,3,y:\Study\repos\adm\anomalyDetection\adm_odm\out_odm\diagnostics_behavior_SEG-89997_multi.png,y:\Study\repos\adm\anomalyDetection\adm_odm\out_odm\flags_behavior_SEG-89997_multi.csv
opportunity,ACC-10602,225.97751182124293,224.39938969141568,[52],True,0.3269230769230769,2,y:\Study\repos\adm\anomalyDetection\adm_odm\out_odm\diagnostics_opportunity_ACC-10602_multi.png,y:\Study\repos\adm\anomalyDetection\adm_odm\out_odm\flags_opportunity_ACC-10602_multi.csv
opportunity,ACC-21139,173.5780604619356,171.5780610559636,[51],True,0.35294117647058826,4,y:\Study\repos\adm\anomalyDetection\adm_odm\out_odm\diagnostics_opportunity_ACC-21139_multi.png,y:\Study\repos\adm\anomalyDetection\adm_odm\out_odm\flags_opportunity_ACC-21139_multi.csv
opportunity,ACC-46459,157.37742360739136,155.37744770805955,[50],True,0.3,4,y:\Study\repos\adm\anomalyDetection\adm_odm\out_odm\diagnostics_opportunity_ACC-46459_multi.png,y:\Study\repos\adm\anomalyDetection\adm_odm\out_odm\flags_opportunity_ACC-46459_multi.csv
opportunity,ACC-69943,162.77747962618287,160.77744683674172,[51],True,0.29411764705882354,4,y:\Study\repos\adm\anomalyDetection\adm_odm\out_odm\diagnostics_opportunity_ACC-69943_multi.png,y:\Study\repos\adm\anomalyDetection\adm_odm\out_odm\flags_opportunity_ACC-69943_multi.csv
opportunity,ACC-95826,132.47533695369776,130.47531518502498,[52],True,0.2692307692307692,2,y:\Study\repos\adm\anomalyDetection\adm_odm\out_odm\diagnostics_opportunity_ACC-95826_multi.png,y:\Study\repos\adm\anomalyDetection\adm_odm\out_odm\flags_opportunity_ACC-95826_multi.csv
opportunity,ACC-96828,179.67733538836524,177.6773352585097,[52],True,0.3076923076923077,4,y:\Study\repos\adm\anomalyDetection\adm_odm\out_odm\diagnostics_opportunity_ACC-96828_multi.png,y:\Study\repos\adm\anomalyDetection\adm_odm\out_odm\flags_opportunity_ACC-96828_multi.csv
opportunity,ADV-19573,167.6356820647278,165.66129583779792,[52],True,0.28846153846153844,4,y:\Study\repos\adm\anomalyDetection\adm_odm\out_odm\diagnostics_opportunity_ADV-19573_multi.png,y:\Study\repos\adm\anomalyDetection\adm_odm\out_odm\flags_opportunity_ADV-19573_multi.csv
opportunity,ADV-59212,99.59459926896633,97.59420762957714,[48],True,0.2708333333333333,3,y:\Study\repos\adm\anomalyDetection\adm_odm\out_odm\diagnostics_opportunity_ADV-59212_multi.png,y:\Study\repos\adm\anomalyDetection\adm_odm\out_odm\flags_opportunity_ADV-59212_multi.csv
opportunity,ADV-62091,204.2947350225436,205.27213210853864,[52],True,0.3269230769230769,2,y:\Study\repos\adm\anomalyDetection\adm_odm\out_odm\diagnostics_opportunity_ADV-62091_multi.png,y:\Study\repos\adm\anomalyDetection\adm_odm\out_odm\flags_opportunity_ADV-62091_multi.csv
opportunity,ADV-65022,178.63136440031127,176.631363738343,[52],True,0.3076923076923077,4,y:\Study\repos\adm\anomalyDetection\adm_odm\out_odm\diagnostics_opportunity_ADV-65022_multi.png,y:\Study\repos\adm\anomalyDetection\adm_odm\out_odm\flags_opportunity_ADV-65022_multi.csv
opportunity,ADV-84218,176.71471521868025,174.71470927645152,[52],True,0.21153846153846154,2,y:\Study\repos\adm\anomalyDetection\adm_odm\out_odm\diagnostics_opportunity_ADV-84218_multi.png,y:\Study\repos\adm\anomalyDetection\adm_odm\out_odm\flags_opportunity_ADV-84218_multi.csv
opportunity,ADV-92503,176.83348512926003,174.8401227587601,[52],True,0.2692307692307692,2,y:\Study\repos\adm\anomalyDetection\adm_odm\out_odm\diagnostics_opportunity_ADV-92503_multi.png,y:\Study\repos\adm\anomalyDetection\adm_odm\out_odm\flags_opportunity_ADV-92503_multi.csv
opportunity,CL-15489,245.4179556875304,277.1845071829966,[52],True,0.3076923076923077,4,y:\Study\repos\adm\anomalyDetection\adm_odm\out_odm\diagnostics_opportunity_CL-15489_multi.png,y:\Study\repos\adm\anomalyDetection\adm_odm\out_odm\flags_opportunity_CL-15489_multi.csv
opportunity,CL-61925,158.27831135162978,156.27816792107552,[52],True,0.28846153846153844,4,y:\Study\repos\adm\anomalyDetection\adm_odm\out_odm\diagnostics_opportunity_CL-61925_multi.png,y:\Study\repos\adm\anomalyDetection\adm_odm\out_odm\flags_opportunity_CL-61925_multi.csv
opportunity,CL-69374,180.2090966452592,179.4735187748486,[52],True,0.36538461538461536,3,y:\Study\repos\adm\anomalyDetection\adm_odm\out_odm\diagnostics_opportunity_CL-69374_multi.png,y:\Study\repos\adm\anomalyDetection\adm_odm\out_odm\flags_opportunity_CL-69374_multi.csv
opportunity,CL-80607,171.1730536301919,174.88340850368658,[51],True,0.23529411764705882,4,y:\Study\repos\adm\anomalyDetection\adm_odm\out_odm\diagnostics_opportunity_CL-80607_multi.png,y:\Study\repos\adm\anomalyDetection\adm_odm\out_odm\flags_opportunity_CL-80607_multi.csv
opportunity,CL-88045,202.86717279675193,200.86717290180036,[51],True,0.2549019607843137,2,y:\Study\repos\adm\anomalyDetection\adm_odm\out_odm\diagnostics_opportunity_CL-88045_multi.png,y:\Study\repos\adm\anomalyDetection\adm_odm\out_odm\flags_opportunity_CL-88045_multi.csv
opportunity,CL-93158,125.68734911838304,123.85544041862609,[50],True,0.32,4,y:\Study\repos\adm\anomalyDetection\adm_odm\out_odm\diagnostics_opportunity_CL-93158_multi.png,y:\Study\repos\adm\anomalyDetection\adm_odm\out_odm\flags_opportunity_CL-93158_multi.csv
opportunity,PRD-25270,141.424264752892,139.42460183830792,[49],True,0.3469387755102041,3,y:\Study\repos\adm\anomalyDetection\adm_odm\out_odm\diagnostics_opportunity_PRD-25270_multi.png,y:\Study\repos\adm\anomalyDetection\adm_odm\out_odm\flags_opportunity_PRD-25270_multi.csv
opportunity,PRD-27166,157.76748977328052,156.51337604953375,[50],True,0.36,4,y:\Study\repos\adm\anomalyDetection\adm_odm\out_odm\diagnostics_opportunity_PRD-27166_multi.png,y:\Study\repos\adm\anomalyDetection\adm_odm\out_odm\flags_opportunity_PRD-27166_multi.csv
opportunity,PRD-60299,196.73976709409425,194.7397660436198,[52],True,0.3269230769230769,4,y:\Study\repos\adm\anomalyDetection\adm_odm\out_odm\diagnostics_opportunity_PRD-60299_multi.png,y:\Study\repos\adm\anomalyDetection\adm_odm\out_odm\flags_opportunity_PRD-60299_multi.csv
opportunity,PRD-61754,182.7397755751494,180.73977252316755,[52],True,0.25,2,y:\Study\repos\adm\anomalyDetection\adm_odm\out_odm\diagnostics_opportunity_PRD-61754_multi.png,y:\Study\repos\adm\anomalyDetection\adm_odm\out_odm\flags_opportunity_PRD-61754_multi.csv
opportunity,PRD-64949,219.41522550382777,219.48294770357532,[52],True,0.34615384615384615,3,y:\Study\repos\adm\anomalyDetection\adm_odm\out_odm\diagnostics_opportunity_PRD-64949_multi.png,y:\Study\repos\adm\anomalyDetection\adm_odm\out_odm\flags_opportunity_PRD-64949_multi.csv
opportunity,PRD-94373,210.0768444046771,208.07685278741715,[52],True,0.38461538461538464,2,y:\Study\repos\adm\anomalyDetection\adm_odm\out_odm\diagnostics_opportunity_PRD-94373_multi.png,y:\Study\repos\adm\anomalyDetection\adm_odm\out_odm\flags_opportunity_PRD-94373_multi.csv
opportunity,SEG-19620,187.2144735864718,185.23535878670629,[52],True,0.28846153846153844,4,y:\Study\repos\adm\anomalyDetection\adm_odm\out_odm\diagnostics_opportunity_SEG-19620_multi.png,y:\Study\repos\adm\anomalyDetection\adm_odm\out_odm\flags_opportunity_SEG-19620_multi.csv
opportunity,SEG-19736,223.5131663750549,227.09246984279528,[52],True,0.3269230769230769,4,y:\Study\repos\adm\anomalyDetection\adm_odm\out_odm\diagnostics_opportunity_SEG-19736_multi.png,y:\Study\repos\adm\anomalyDetection\adm_odm\out_odm\flags_opportunity_SEG-19736_multi.csv
opportunity,SEG-21811,184.10055360711647,182.10055518139814,[52],True,0.34615384615384615,2,y:\Study\repos\adm\anomalyDetection\adm_odm\out_odm\diagnostics_opportunity_SEG-21811_multi.png,y:\Study\repos\adm\anomalyDetection\adm_odm\out_odm\flags_opportunity_SEG-21811_multi.csv
opportunity,SEG-37359,219.19642865998208,217.1968721481006,[52],True,0.28846153846153844,2,y:\Study\repos\adm\anomalyDetection\adm_odm\out_odm\diagnostics_opportunity_SEG-37359_multi.png,y:\Study\repos\adm\anomalyDetection\adm_odm\out_odm\flags_opportunity_SEG-37359_multi.csv
opportunity,SEG-86380,175.5735530490431,173.57355009663922,[52],True,0.38461538461538464,4,y:\Study\repos\adm\anomalyDetection\adm_odm\out_odm\diagnostics_opportunity_SEG-86380_multi.png,y:\Study\repos\adm\anomalyDetection\adm_odm\out_odm\flags_opportunity_SEG-86380_multi.csv
opportunity,SEG-93438,131.42805985199442,129.42777254441452,[47],True,0.23404255319148937,2,y:\Study\repos\adm\anomalyDetection\adm_odm\out_odm\diagnostics_opportunity_SEG-93438_multi.png,y:\Study\repos\adm\anomalyDetection\adm_odm\out_odm\flags_opportunity_SEG-93438_multi.csv
performance,ACC-14673,198.2430388126505,196.24303812128278,[52],True,0.25,2,y:\Study\repos\adm\anomalyDetection\adm_odm\out_odm\diagnostics_performance_ACC-14673_multi.png,y:\Study\repos\adm\anomalyDetection\adm_odm\out_odm\flags_performance_ACC-14673_multi.csv
performance,ACC-17805,197.19632397220144,195.19632438814227,[52],True,0.25,2,y:\Study\repos\adm\anomalyDetection\adm_odm\out_odm\diagnostics_performance_ACC-17805_multi.png,y:\Study\repos\adm\anomalyDetection\adm_odm\out_odm\flags_performance_ACC-17805_multi.csv
performance,ACC-18279,189.0546921865456,187.05469728709886,[52],True,0.23076923076923078,4,y:\Study\repos\adm\anomalyDetection\adm_odm\out_odm\diagnostics_performance_ACC-18279_multi.png,y:\Study\repos\adm\anomalyDetection\adm_odm\out_odm\flags_performance_ACC-18279_multi.csv
performance,ACC-34930,168.06554744215128,166.06554508634716,[51],True,0.37254901960784315,4,y:\Study\repos\adm\anomalyDetection\adm_odm\out_odm\diagnostics_performance_ACC-34930_multi.png,y:\Study\repos\adm\anomalyDetection\adm_odm\out_odm\flags_performance_ACC-34930_multi.csv
performance,ACC-41711,213.79706744569734,211.79706665402583,[52],True,0.36538461538461536,3,y:\Study\repos\adm\anomalyDetection\adm_odm\out_odm\diagnostics_performance_ACC-41711_multi.png,y:\Study\repos\adm\anomalyDetection\adm_odm\out_odm\flags_performance_ACC-41711_multi.csv
performance,ACC-79255,181.5253215748679,180.34023155077912,[50],True,0.36,4,y:\Study\repos\adm\anomalyDetection\adm_odm\out_odm\diagnostics_performance_ACC-79255_multi.png,y:\Study\repos\adm\anomalyDetection\adm_odm\out_odm\flags_performance_ACC-79255_multi.csv
performance,ADV-13899,172.2221595338745,170.22215573742503,[52],True,0.34615384615384615,4,y:\Study\repos\adm\anomalyDetection\adm_odm\out_odm\diagnostics_performance_ADV-13899_multi.png,y:\Study\repos\adm\anomalyDetection\adm_odm\out_odm\flags_performance_ADV-13899_multi.csv
performance,ADV-19204,185.45946052512747,185.9959255713525,[52],True,0.23076923076923078,5,y:\Study\repos\adm\anomalyDetection\adm_odm\out_odm\diagnostics_performance_ADV-19204_multi.png,y:\Study\repos\adm\anomalyDetection\adm_odm\out_odm\flags_performance_ADV-19204_multi.csv
performance,ADV-24146,195.01092695513023,193.0109222757602,[52],True,0.28846153846153844,4,y:\Study\repos\adm\anomalyDetection\adm_odm\out_odm\diagnostics_performance_ADV-24146_multi.png,y:\Study\repos\adm\anomalyDetection\adm_odm\out_odm\flags_performance_ADV-24146_multi.csv
performance,ADV-47885,202.93285321805655,200.93285402017145,[52],True,0.28846153846153844,2,y:\Study\repos\adm\anomalyDetection\adm_odm\out_odm\diagnostics_performance_ADV-47885_multi.png,y:\Study\repos\adm\anomalyDetection\adm_odm\out_odm\flags_performance_ADV-47885_multi.csv
performance,ADV-77224,177.67440437808227,175.67440073986154,[52],True,0.34615384615384615,3,y:\Study\repos\adm\anomalyDetection\adm_odm\out_odm\diagnostics_performance_ADV-77224_multi.png,y:\Study\repos\adm\anomalyDetection\adm_odm\out_odm\flags_performance_ADV-77224_multi.csv
performance,ADV-83812,183.47282763791276,181.4728284336412,[52],True,0.2692307692307692,4,y:\Study\repos\adm\anomalyDetection\adm_odm\out_odm\diagnostics_performance_ADV-83812_multi.png,y:\Study\repos\adm\anomalyDetection\adm_odm\out_odm\flags_performance_ADV-83812_multi.csv
performance,CL-69222,206.30085603610075,204.3008459583247,[52],True,0.34615384615384615,4,y:\Study\repos\adm\anomalyDetection\adm_odm\out_odm\diagnostics_performance_CL-69222_multi.png,y:\Study\repos\adm\anomalyDetection\adm_odm\out_odm\flags_performance_CL-69222_multi.csv
performance,CL-69294,116.5743709057414,114.57437381441366,[52],True,0.2692307692307692,3,y:\Study\repos\adm\anomalyDetection\adm_odm\out_odm\diagnostics_performance_CL-69294_multi.png,y:\Study\repos\adm\anomalyDetection\adm_odm\out_odm\flags_performance_CL-69294_multi.csv
performance,CL-71033,166.3093600621665,164.30935229579603,[52],True,0.3269230769230769,4,y:\Study\repos\adm\anomalyDetection\adm_odm\out_odm\diagnostics_performance_CL-71033_multi.png,y:\Study\repos\adm\anomalyDetection\adm_odm\out_odm\flags_performance_CL-71033_multi.csv
performance,CL-76563,176.18217385452004,174.3466565353242,[52],True,0.34615384615384615,4,y:\Study\repos\adm\anomalyDetection\adm_odm\out_odm\diagnostics_performance_CL-76563_multi.png,y:\Study\repos\adm\anomalyDetection\adm_odm\out_odm\flags_performance_CL-76563_multi.csv
performance,CL-83370,95.1680040784079,93.16878331145433,[47],True,0.3404255319148936,4,y:\Study\repos\adm\anomalyDetection\adm_odm\out_odm\diagnostics_performance_CL-83370_multi.png,y:\Study\repos\adm\anomalyDetection\adm_odm\out_odm\flags_performance_CL-83370_multi.csv
performance,CL-86989,175.80548871369612,173.8054891061096,[51],True,0.29411764705882354,4,y:\Study\repos\adm\anomalyDetection\adm_odm\out_odm\diagnostics_performance_CL-86989_multi.png,y:\Study\repos\adm\anomalyDetection\adm_odm\out_odm\flags_performance_CL-86989_multi.csv
performance,PRD-11985,202.140399153914,200.14039781548294,[52],True,0.38461538461538464,2,y:\Study\repos\adm\anomalyDetection\adm_odm\out_odm\diagnostics_performance_PRD-11985_multi.png,y:\Study\repos\adm\anomalyDetection\adm_odm\out_odm\flags_performance_PRD-11985_multi.csv
performance,PRD-25465,215.13263941099737,214.85650908475404,[52],True,0.3269230769230769,4,y:\Study\repos\adm\anomalyDetection\adm_odm\out_odm\diagnostics_performance_PRD-25465_multi.png,y:\Study\repos\adm\anomalyDetection\adm_odm\out_odm\flags_performance_PRD-25465_multi.csv
performance,PRD-27641,174.62387644827703,172.62387075215383,[52],True,0.2692307692307692,2,y:\Study\repos\adm\anomalyDetection\adm_odm\out_odm\diagnostics_performance_PRD-27641_multi.png,y:\Study\repos\adm\anomalyDetection\adm_odm\out_odm\flags_performance_PRD-27641_multi.csv
performance,PRD-42294,183.74773706744264,181.7477333487629,[52],True,0.28846153846153844,4,y:\Study\repos\adm\anomalyDetection\adm_odm\out_odm\diagnostics_performance_PRD-42294_multi.png,y:\Study\repos\adm\anomalyDetection\adm_odm\out_odm\flags_performance_PRD-42294_multi.csv
performance,PRD-53592,199.19324217593572,197.1932426490644,[52],True,0.3076923076923077,2,y:\Study\repos\adm\anomalyDetection\adm_odm\out_odm\diagnostics_performance_PRD-53592_multi.png,y:\Study\repos\adm\anomalyDetection\adm_odm\out_odm\flags_performance_PRD-53592_multi.csv
performance,PRD-63746,145.2620952490985,143.33294636689942,[49],True,0.30612244897959184,4,y:\Study\repos\adm\anomalyDetection\adm_odm\out_odm\diagnostics_performance_PRD-63746_multi.png,y:\Study\repos\adm\anomalyDetection\adm_odm\out_odm\flags_performance_PRD-63746_multi.csv
performance,SEG-12573,185.32492744061346,183.32492445919644,[52],True,0.28846153846153844,4,y:\Study\repos\adm\anomalyDetection\adm_odm\out_odm\diagnostics_performance_SEG-12573_multi.png,y:\Study\repos\adm\anomalyDetection\adm_odm\out_odm\flags_performance_SEG-12573_multi.csv
performance,SEG-34550,187.7915644347182,188.08661911541304,[52],True,0.2692307692307692,4,y:\Study\repos\adm\anomalyDetection\adm_odm\out_odm\diagnostics_performance_SEG-34550_multi.png,y:\Study\repos\adm\anomalyDetection\adm_odm\out_odm\flags_performance_SEG-34550_multi.csv
performance,SEG-37618,210.39578464246364,208.39578150957306,[52],True,0.28846153846153844,2,y:\Study\repos\adm\anomalyDetection\adm_odm\out_odm\diagnostics_performance_SEG-37618_multi.png,y:\Study\repos\adm\anomalyDetection\adm_odm\out_odm\flags_performance_SEG-37618_multi.csv
performance,SEG-61678,207.08078330340078,211.74822366102273,[52],True,0.28846153846153844,4,y:\Study\repos\adm\anomalyDetection\adm_odm\out_odm\diagnostics_performance_SEG-61678_multi.png,y:\Study\repos\adm\anomalyDetection\adm_odm\out_odm\flags_performance_SEG-61678_multi.csv
performance,SEG-88907,183.30390503985984,181.30375288210297,[51],True,0.3137254901960784,4,y:\Study\repos\adm\anomalyDetection\adm_odm\out_odm\diagnostics_performance_SEG-88907_multi.png,y:\Study\repos\adm\anomalyDetection\adm_odm\out_odm\flags_performance_SEG-88907_multi.csv
performance,SEG-94126,219.8834456662297,223.58566732522291,[52],True,0.4230769230769231,4,y:\Study\repos\adm\anomalyDetection\adm_odm\out_odm\diagnostics_performance_SEG-94126_multi.png,y:\Study\repos\adm\anomalyDetection\adm_odm\out_odm\flags_performance_SEG-94126_multi.csv
quality,ACC-20905,109.82948591084052,107.82949400679071,[52],True,0.34615384615384615,4,y:\Study\repos\adm\anomalyDetection\adm_odm\out_odm\diagnostics_quality_ACC-20905_multi.png,y:\Study\repos\adm\anomalyDetection\adm_odm\out_odm\flags_quality_ACC-20905_multi.csv
quality,ACC-40102,190.70811727261875,190.30926532401358,[51],True,0.35294117647058826,4,y:\Study\repos\adm\anomalyDetection\adm_odm\out_odm\diagnostics_quality_ACC-40102_multi.png,y:\Study\repos\adm\anomalyDetection\adm_odm\out_odm\flags_quality_ACC-40102_multi.csv
quality,ACC-43291,197.58924991968627,195.58924816197506,[52],True,0.40384615384615385,4,y:\Study\repos\adm\anomalyDetection\adm_odm\out_odm\diagnostics_quality_ACC-43291_multi.png,y:\Study\repos\adm\anomalyDetection\adm_odm\out_odm\flags_quality_ACC-43291_multi.csv
quality,ACC-51324,178.98832915064565,177.16502413917556,[51],True,0.35294117647058826,4,y:\Study\repos\adm\anomalyDetection\adm_odm\out_odm\diagnostics_quality_ACC-51324_multi.png,y:\Study\repos\adm\anomalyDetection\adm_odm\out_odm\flags_quality_ACC-51324_multi.csv
quality,ACC-63317,187.4459341647756,185.44593606882606,[52],True,0.3076923076923077,4,y:\Study\repos\adm\anomalyDetection\adm_odm\out_odm\diagnostics_quality_ACC-63317_multi.png,y:\Study\repos\adm\anomalyDetection\adm_odm\out_odm\flags_quality_ACC-63317_multi.csv
quality,ACC-82255,131.75987338917602,129.75988451514064,[50],True,0.34,4,y:\Study\repos\adm\anomalyDetection\adm_odm\out_odm\diagnostics_quality_ACC-82255_multi.png,y:\Study\repos\adm\anomalyDetection\adm_odm\out_odm\flags_quality_ACC-82255_multi.csv
quality,ADV-21422,211.96726342830345,209.96726152690673,[51],True,0.27450980392156865,3,y:\Study\repos\adm\anomalyDetection\adm_odm\out_odm\diagnostics_quality_ADV-21422_multi.png,y:\Study\repos\adm\anomalyDetection\adm_odm\out_odm\flags_quality_ADV-21422_multi.csv
quality,ADV-36016,193.05945101964136,191.19279662414255,[52],True,0.3269230769230769,4,y:\Study\repos\adm\anomalyDetection\adm_odm\out_odm\diagnostics_quality_ADV-36016_multi.png,y:\Study\repos\adm\anomalyDetection\adm_odm\out_odm\flags_quality_ADV-36016_multi.csv
quality,ADV-45360,196.37613475864012,194.3761256352412,[52],True,0.3269230769230769,4,y:\Study\repos\adm\anomalyDetection\adm_odm\out_odm\diagnostics_quality_ADV-45360_multi.png,y:\Study\repos\adm\anomalyDetection\adm_odm\out_odm\flags_quality_ADV-45360_multi.csv
quality,ADV-50790,213.782770278432,211.78276967361163,[52],True,0.21153846153846154,2,y:\Study\repos\adm\anomalyDetection\adm_odm\out_odm\diagnostics_quality_ADV-50790_multi.png,y:\Study\repos\adm\anomalyDetection\adm_odm\out_odm\flags_quality_ADV-50790_multi.csv
quality,ADV-54157,196.68911125468446,194.6891234895144,[52],True,0.34615384615384615,3,y:\Study\repos\adm\anomalyDetection\adm_odm\out_odm\diagnostics_quality_ADV-54157_multi.png,y:\Study\repos\adm\anomalyDetection\adm_odm\out_odm\flags_quality_ADV-54157_multi.csv
quality,ADV-98461,135.12922468708638,133.1292227049189,[52],True,0.3076923076923077,4,y:\Study\repos\adm\anomalyDetection\adm_odm\out_odm\diagnostics_quality_ADV-98461_multi.png,y:\Study\repos\adm\anomalyDetection\adm_odm\out_odm\flags_quality_ADV-98461_multi.csv
quality,CL-11966,193.56287069108822,191.562870982161,[52],True,0.28846153846153844,2,y:\Study\repos\adm\anomalyDetection\adm_odm\out_odm\diagnostics_quality_CL-11966_multi.png,y:\Study\repos\adm\anomalyDetection\adm_odm\out_odm\flags_quality_CL-11966_multi.csv
quality,CL-30643,196.46522335713985,194.46522455212352,[51],True,0.37254901960784315,4,y:\Study\repos\adm\anomalyDetection\adm_odm\out_odm\diagnostics_quality_CL-30643_multi.png,y:\Study\repos\adm\anomalyDetection\adm_odm\out_odm\flags_quality_CL-30643_multi.csv
quality,CL-90683,113.62637939474277,111.62637859970096,[52],True,0.34615384615384615,4,y:\Study\repos\adm\anomalyDetection\adm_odm\out_odm\diagnostics_quality_CL-90683_multi.png,y:\Study\repos\adm\anomalyDetection\adm_odm\out_odm\flags_quality_CL-90683_multi.csv
quality,CL-91674,109.562734173091,107.56255603558277,[49],True,0.32653061224489793,4,y:\Study\repos\adm\anomalyDetection\adm_odm\out_odm\diagnostics_quality_CL-91674_multi.png,y:\Study\repos\adm\anomalyDetection\adm_odm\out_odm\flags_quality_CL-91674_multi.csv
quality,CL-95206,195.73974341430704,193.7397406629549,[52],True,0.3269230769230769,4,y:\Study\repos\adm\anomalyDetection\adm_odm\out_odm\diagnostics_quality_CL-95206_multi.png,y:\Study\repos\adm\anomalyDetection\adm_odm\out_odm\flags_quality_CL-95206_multi.csv
quality,CL-95710,113.77885536645104,111.77885004436408,[48],True,0.2708333333333333,2,y:\Study\repos\adm\anomalyDetection\adm_odm\out_odm\diagnostics_quality_CL-95710_multi.png,y:\Study\repos\adm\anomalyDetection\adm_odm\out_odm\flags_quality_CL-95710_multi.csv
quality,PRD-10061,210.37035667101168,215.0903030922795,[51],True,0.29411764705882354,4,y:\Study\repos\adm\anomalyDetection\adm_odm\out_odm\diagnostics_quality_PRD-10061_multi.png,y:\Study\repos\adm\anomalyDetection\adm_odm\out_odm\flags_quality_PRD-10061_multi.csv
quality,PRD-37900,210.92284277203618,208.9228420936893,[52],True,0.36538461538461536,4,y:\Study\repos\adm\anomalyDetection\adm_odm\out_odm\diagnostics_quality_PRD-37900_multi.png,y:\Study\repos\adm\anomalyDetection\adm_odm\out_odm\flags_quality_PRD-37900_multi.csv
quality,PRD-45362,205.62118634186282,203.63903704646268,[52],True,0.36538461538461536,3,y:\Study\repos\adm\anomalyDetection\adm_odm\out_odm\diagnostics_quality_PRD-45362_multi.png,y:\Study\repos\adm\anomalyDetection\adm_odm\out_odm\flags_quality_PRD-45362_multi.csv
quality,PRD-49864,129.96977563194193,127.96977597929165,[51],True,0.27450980392156865,4,y:\Study\repos\adm\anomalyDetection\adm_odm\out_odm\diagnostics_quality_PRD-49864_multi.png,y:\Study\repos\adm\anomalyDetection\adm_odm\out_odm\flags_quality_PRD-49864_multi.csv
quality,PRD-65149,183.87494687347478,181.87494463114788,[52],True,0.34615384615384615,4,y:\Study\repos\adm\anomalyDetection\adm_odm\out_odm\diagnostics_quality_PRD-65149_multi.png,y:\Study\repos\adm\anomalyDetection\adm_odm\out_odm\flags_quality_PRD-65149_multi.csv
quality,PRD-87691,161.78224836158103,159.78224789138866,[52],True,0.23076923076923078,2,y:\Study\repos\adm\anomalyDetection\adm_odm\out_odm\diagnostics_quality_PRD-87691_multi.png,y:\Study\repos\adm\anomalyDetection\adm_odm\out_odm\flags_quality_PRD-87691_multi.csv
quality,SEG-12032,173.9480691949155,171.9480628242287,[51],True,0.3333333333333333,4,y:\Study\repos\adm\anomalyDetection\adm_odm\out_odm\diagnostics_quality_SEG-12032_multi.png,y:\Study\repos\adm\anomalyDetection\adm_odm\out_odm\flags_quality_SEG-12032_multi.csv
quality,SEG-41852,203.96498011926536,206.01300836803372,[50],True,0.28,4,y:\Study\repos\adm\anomalyDetection\adm_odm\out_odm\diagnostics_quality_SEG-41852_multi.png,y:\Study\repos\adm\anomalyDetection\adm_odm\out_odm\flags_quality_SEG-41852_multi.csv
quality,SEG-58322,123.84482414997012,121.86534770886924,[51],True,0.35294117647058826,4,y:\Study\repos\adm\anomalyDetection\adm_odm\out_odm\diagnostics_quality_SEG-58322_multi.png,y:\Study\repos\adm\anomalyDetection\adm_odm\out_odm\flags_quality_SEG-58322_multi.csv
quality,SEG-58719,115.18716543150111,113.18755313159994,[49],True,0.2857142857142857,4,y:\Study\repos\adm\anomalyDetection\adm_odm\out_odm\diagnostics_quality_SEG-58719_multi.png,y:\Study\repos\adm\anomalyDetection\adm_odm\out_odm\flags_quality_SEG-58719_multi.csv
quality,SEG-88811,164.5876815233751,162.58753499870858,[51],True,0.29411764705882354,2,y:\Study\repos\adm\anomalyDetection\adm_odm\out_odm\diagnostics_quality_SEG-88811_multi.png,y:\Study\repos\adm\anomalyDetection\adm_odm\out_odm\flags_quality_SEG-88811_multi.csv
quality,SEG-91546,210.1060556066242,208.55518947014835,[52],True,0.25,2,y:\Study\repos\adm\anomalyDetection\adm_odm\out_odm\diagnostics_quality_SEG-91546_multi.png,y:\Study\repos\adm\anomalyDetection\adm_odm\out_odm\flags_quality_SEG-91546_multi.csv
risk,ACC-13942,147.3758077924453,145.37580005122487,[50],True,0.34,4,y:\Study\repos\adm\anomalyDetection\adm_odm\out_odm\diagnostics_risk_ACC-13942_multi.png,y:\Study\repos\adm\anomalyDetection\adm_odm\out_odm\flags_risk_ACC-13942_multi.csv
risk,ACC-52767,220.42582164895953,218.77069907122473,[52],True,0.36538461538461536,4,y:\Study\repos\adm\anomalyDetection\adm_odm\out_odm\diagnostics_risk_ACC-52767_multi.png,y:\Study\repos\adm\anomalyDetection\adm_odm\out_odm\flags_risk_ACC-52767_multi.csv
risk,ACC-67741,116.38183247644015,116.97839002798877,[52],True,0.3076923076923077,3,y:\Study\repos\adm\anomalyDetection\adm_odm\out_odm\diagnostics_risk_ACC-67741_multi.png,y:\Study\repos\adm\anomalyDetection\adm_odm\out_odm\flags_risk_ACC-67741_multi.csv
risk,ACC-70808,122.21072454321833,120.21072676689414,[50],True,0.36,3,y:\Study\repos\adm\anomalyDetection\adm_odm\out_odm\diagnostics_risk_ACC-70808_multi.png,y:\Study\repos\adm\anomalyDetection\adm_odm\out_odm\flags_risk_ACC-70808_multi.csv
risk,ACC-87458,155.2367856029258,153.23673702381976,[52],True,0.3076923076923077,4,y:\Study\repos\adm\anomalyDetection\adm_odm\out_odm\diagnostics_risk_ACC-87458_multi.png,y:\Study\repos\adm\anomalyDetection\adm_odm\out_odm\flags_risk_ACC-87458_multi.csv
risk,ACC-88593,230.01711856882622,228.54722072385437,[52],True,0.2692307692307692,4,y:\Study\repos\adm\anomalyDetection\adm_odm\out_odm\diagnostics_risk_ACC-88593_multi.png,y:\Study\repos\adm\anomalyDetection\adm_odm\out_odm\flags_risk_ACC-88593_multi.csv
risk,ADV-12213,204.4686411522062,202.46863746208464,[52],True,0.25,2,y:\Study\repos\adm\anomalyDetection\adm_odm\out_odm\diagnostics_risk_ADV-12213_multi.png,y:\Study\repos\adm\anomalyDetection\adm_odm\out_odm\flags_risk_ADV-12213_multi.csv
risk,ADV-18759,167.86476834880327,165.86493412094197,[52],True,0.36538461538461536,4,y:\Study\repos\adm\anomalyDetection\adm_odm\out_odm\diagnostics_risk_ADV-18759_multi.png,y:\Study\repos\adm\anomalyDetection\adm_odm\out_odm\flags_risk_ADV-18759_multi.csv
risk,ADV-24129,198.4925819744758,196.49258074105535,[52],True,0.34615384615384615,4,y:\Study\repos\adm\anomalyDetection\adm_odm\out_odm\diagnostics_risk_ADV-24129_multi.png,y:\Study\repos\adm\anomalyDetection\adm_odm\out_odm\flags_risk_ADV-24129_multi.csv
risk,ADV-48129,214.89783253272685,217.52364064497704,[52],True,0.40384615384615385,4,y:\Study\repos\adm\anomalyDetection\adm_odm\out_odm\diagnostics_risk_ADV-48129_multi.png,y:\Study\repos\adm\anomalyDetection\adm_odm\out_odm\flags_risk_ADV-48129_multi.csv
risk,ADV-60661,220.23601684801653,218.35690890264902,[52],True,0.38461538461538464,3,y:\Study\repos\adm\anomalyDetection\adm_odm\out_odm\diagnostics_risk_ADV-60661_multi.png,y:\Study\repos\adm\anomalyDetection\adm_odm\out_odm\flags_risk_ADV-60661_multi.csv
risk,ADV-62481,197.1658588001095,195.16585481464077,[52],True,0.34615384615384615,3,y:\Study\repos\adm\anomalyDetection\adm_odm\out_odm\diagnostics_risk_ADV-62481_multi.png,y:\Study\repos\adm\anomalyDetection\adm_odm\out_odm\flags_risk_ADV-62481_multi.csv
risk,CL-34203,178.61590183496887,176.61590233848545,[52],True,0.38461538461538464,4,y:\Study\repos\adm\anomalyDetection\adm_odm\out_odm\diagnostics_risk_CL-34203_multi.png,y:\Study\repos\adm\anomalyDetection\adm_odm\out_odm\flags_risk_CL-34203_multi.csv
risk,CL-34890,102.20357764206497,100.20357700063808,[52],True,0.38461538461538464,4,y:\Study\repos\adm\anomalyDetection\adm_odm\out_odm\diagnostics_risk_CL-34890_multi.png,y:\Study\repos\adm\anomalyDetection\adm_odm\out_odm\flags_risk_CL-34890_multi.csv
risk,CL-72359,224.60979817078265,222.62551504077084,[52],True,0.28846153846153844,4,y:\Study\repos\adm\anomalyDetection\adm_odm\out_odm\diagnostics_risk_CL-72359_multi.png,y:\Study\repos\adm\anomalyDetection\adm_odm\out_odm\flags_risk_CL-72359_multi.csv
risk,CL-77096,226.27628965602602,224.2762891185669,[52],True,0.28846153846153844,2,y:\Study\repos\adm\anomalyDetection\adm_odm\out_odm\diagnostics_risk_CL-77096_multi.png,y:\Study\repos\adm\anomalyDetection\adm_odm\out_odm\flags_risk_CL-77096_multi.csv
risk,CL-90472,112.79672909775837,110.79671565383643,[48],True,0.1875,1,y:\Study\repos\adm\anomalyDetection\adm_odm\out_odm\diagnostics_risk_CL-90472_multi.png,y:\Study\repos\adm\anomalyDetection\adm_odm\out_odm\flags_risk_CL-90472_multi.csv
risk,CL-92559,202.4329941540871,200.4329902927955,[52],True,0.2692307692307692,3,y:\Study\repos\adm\anomalyDetection\adm_odm\out_odm\diagnostics_risk_CL-92559_multi.png,y:\Study\repos\adm\anomalyDetection\adm_odm\out_odm\flags_risk_CL-92559_multi.csv
risk,PRD-11435,228.96725319770573,229.32125919849358,[52],True,0.34615384615384615,3,y:\Study\repos\adm\anomalyDetection\adm_odm\out_odm\diagnostics_risk_PRD-11435_multi.png,y:\Study\repos\adm\anomalyDetection\adm_odm\out_odm\flags_risk_PRD-11435_multi.csv
risk,PRD-17850,166.52800781391085,164.52800899199383,[52],True,0.28846153846153844,2,y:\Study\repos\adm\anomalyDetection\adm_odm\out_odm\diagnostics_risk_PRD-17850_multi.png,y:\Study\repos\adm\anomalyDetection\adm_odm\out_odm\flags_risk_PRD-17850_multi.csv
risk,PRD-23244,157.91301430392926,155.91298888595682,[52],True,0.4230769230769231,4,y:\Study\repos\adm\anomalyDetection\adm_odm\out_odm\diagnostics_risk_PRD-23244_multi.png,y:\Study\repos\adm\anomalyDetection\adm_odm\out_odm\flags_risk_PRD-23244_multi.csv
risk,PRD-33288,149.24031146994238,147.2715067958245,[50],True,0.32,4,y:\Study\repos\adm\anomalyDetection\adm_odm\out_odm\diagnostics_risk_PRD-33288_multi.png,y:\Study\repos\adm\anomalyDetection\adm_odm\out_odm\flags_risk_PRD-33288_multi.csv
risk,PRD-70940,238.3454872177624,263.79911303490917,[52],True,0.36538461538461536,4,y:\Study\repos\adm\anomalyDetection\adm_odm\out_odm\diagnostics_risk_PRD-70940_multi.png,y:\Study\repos\adm\anomalyDetection\adm_odm\out_odm\flags_risk_PRD-70940_multi.csv
risk,PRD-73808,184.04263915767655,187.3271416929908,[50],True,0.42,4,y:\Study\repos\adm\anomalyDetection\adm_odm\out_odm\diagnostics_risk_PRD-73808_multi.png,y:\Study\repos\adm\anomalyDetection\adm_odm\out_odm\flags_risk_PRD-73808_multi.csv
risk,SEG-15519,228.14923918000548,227.17274113300027,[52],True,0.3076923076923077,2,y:\Study\repos\adm\anomalyDetection\adm_odm\out_odm\diagnostics_risk_SEG-15519_multi.png,y:\Study\repos\adm\anomalyDetection\adm_odm\out_odm\flags_risk_SEG-15519_multi.csv
risk,SEG-23150,225.13194608697728,223.92932850771203,[52],True,0.3076923076923077,2,y:\Study\repos\adm\anomalyDetection\adm_odm\out_odm\diagnostics_risk_SEG-23150_multi.png,y:\Study\repos\adm\anomalyDetection\adm_odm\out_odm\flags_risk_SEG-23150_multi.csv
risk,SEG-29183,206.53645121959872,204.53645201574315,[52],True,0.3269230769230769,2,y:\Study\repos\adm\anomalyDetection\adm_odm\out_odm\diagnostics_risk_SEG-29183_multi.png,y:\Study\repos\adm\anomalyDetection\adm_odm\out_odm\flags_risk_SEG-29183_multi.csv
risk,SEG-37950,193.93542838382612,191.9354274438183,[51],True,0.29411764705882354,2,y:\Study\repos\adm\anomalyDetection\adm_odm\out_odm\diagnostics_risk_SEG-37950_multi.png,y:\Study\repos\adm\anomalyDetection\adm_odm\out_odm\flags_risk_SEG-37950_multi.csv
risk,SEG-67873,137.26215535331252,136.0012600022455,[52],True,0.3269230769230769,4,y:\Study\repos\adm\anomalyDetection\adm_odm\out_odm\diagnostics_risk_SEG-67873_multi.png,y:\Study\repos\adm\anomalyDetection\adm_odm\out_odm\flags_risk_SEG-67873_multi.csv
risk,SEG-85623,170.0012718434213,168.00127041060625,[52],True,0.40384615384615385,4,y:\Study\repos\adm\anomalyDetection\adm_odm\out_odm\diagnostics_risk_SEG-85623_multi.png,y:\Study\repos\adm\anomalyDetection\adm_odm\out_odm\flags_risk_SEG-85623_multi.csv
